{
  "total_time": 22.614700078964233,
  "best_accuracy": 0.9877777777777772,
  "round_metrics": [
    {
      "round": 1,
      "avg_accuracy": 0.3580555555555555,
      "avg_loss": 1.6575280643171735,
      "round_time": 2.320997953414917,
      "client_accuracies": [
        0.38,
        0.39,
        0.37,
        0.38,
        0.35,
        0.32,
        0.35,
        0.45,
        0.34,
        0.3,
        0.41,
        0.32,
        0.36,
        0.37,
        0.44,
        0.31,
        0.34,
        0.37,
        0.32,
        0.35,
        0.34,
        0.35,
        0.37,
        0.37,
        0.36,
        0.31,
        0.35,
        0.31,
        0.33,
        0.33,
        0.42,
        0.4,
        0.33,
        0.4,
        0.35,
        0.35
      ],
      "client_losses": [
        1.6498019099235535,
        1.659798264503479,
        1.65363347530365,
        1.6559478044509888,
        1.6597791910171509,
        1.6589577198028564,
        1.6534213423728943,
        1.6611291766166687,
        1.6526777744293213,
        1.6600703001022339,
        1.6588993668556213,
        1.663959264755249,
        1.659246027469635,
        1.652319610118866,
        1.661346197128296,
        1.6608754992485046,
        1.6570591926574707,
        1.6483640670776367,
        1.6580278873443604,
        1.65556138753891,
        1.6545886397361755,
        1.6519076824188232,
        1.6558609008789062,
        1.6584674715995789,
        1.6627638339996338,
        1.6585312485694885,
        1.6537529826164246,
        1.6570744514465332,
        1.6627721190452576,
        1.663672387599945,
        1.6524792909622192,
        1.6610376238822937,
        1.6669792532920837,
        1.6555556058883667,
        1.6634371280670166,
        1.6512542366981506
      ]
    },
    {
      "round": 2,
      "avg_accuracy": 0.635277777777778,
      "avg_loss": 1.5095372680160735,
      "round_time": 2.1338040828704834,
      "client_accuracies": [
        0.63,
        0.61,
        0.65,
        0.67,
        0.55,
        0.66,
        0.65,
        0.65,
        0.65,
        0.58,
        0.61,
        0.61,
        0.58,
        0.66,
        0.63,
        0.59,
        0.61,
        0.6,
        0.6,
        0.64,
        0.66,
        0.67,
        0.69,
        0.63,
        0.63,
        0.69,
        0.61,
        0.67,
        0.64,
        0.66,
        0.64,
        0.69,
        0.64,
        0.64,
        0.66,
        0.62
      ],
      "client_losses": [
        1.5087105631828308,
        1.520233690738678,
        1.5020807981491089,
        1.5136731266975403,
        1.5142905116081238,
        1.5070072412490845,
        1.505124568939209,
        1.5108080506324768,
        1.5069098472595215,
        1.520988643169403,
        1.5080634951591492,
        1.5038565397262573,
        1.5105544328689575,
        1.5034842491149902,
        1.512697994709015,
        1.5085502862930298,
        1.5027751326560974,
        1.5015310645103455,
        1.5182709693908691,
        1.5169960856437683,
        1.5097655653953552,
        1.514589011669159,
        1.5065173506736755,
        1.5115278363227844,
        1.5025962591171265,
        1.5078534483909607,
        1.5126960277557373,
        1.5019880533218384,
        1.5112786889076233,
        1.5042051076889038,
        1.5084781050682068,
        1.5053486824035645,
        1.5184066891670227,
        1.5086138248443604,
        1.515926718711853,
        1.5069429874420166
      ]
    },
    {
      "round": 3,
      "avg_accuracy": 0.7572222222222222,
      "avg_loss": 1.366345198618041,
      "round_time": 2.264346122741699,
      "client_accuracies": [
        0.79,
        0.76,
        0.76,
        0.78,
        0.78,
        0.76,
        0.77,
        0.74,
        0.76,
        0.78,
        0.76,
        0.74,
        0.76,
        0.74,
        0.78,
        0.76,
        0.77,
        0.73,
        0.78,
        0.77,
        0.76,
        0.76,
        0.76,
        0.75,
        0.76,
        0.78,
        0.7,
        0.74,
        0.71,
        0.74,
        0.77,
        0.74,
        0.75,
        0.78,
        0.75,
        0.74
      ],
      "client_losses": [
        1.3641780614852905,
        1.3737603425979614,
        1.359963595867157,
        1.3682988286018372,
        1.3604881763458252,
        1.3650799989700317,
        1.366790771484375,
        1.362950086593628,
        1.3690468668937683,
        1.3822655081748962,
        1.362614095211029,
        1.3711681365966797,
        1.3683812022209167,
        1.3732986450195312,
        1.3684174418449402,
        1.3603939414024353,
        1.3770214915275574,
        1.3727280497550964,
        1.3546075820922852,
        1.3664725422859192,
        1.3654890656471252,
        1.3670795559883118,
        1.3718318939208984,
        1.3622545003890991,
        1.3672100901603699,
        1.366511344909668,
        1.3759163618087769,
        1.3589248657226562,
        1.3652772903442383,
        1.3662047386169434,
        1.3614807724952698,
        1.3696295022964478,
        1.3628483414649963,
        1.3617891669273376,
        1.3537533283233643,
        1.3643009662628174
      ]
    },
    {
      "round": 4,
      "avg_accuracy": 0.8419444444444445,
      "avg_loss": 1.2186979353427887,
      "round_time": 2.3847460746765137,
      "client_accuracies": [
        0.85,
        0.83,
        0.85,
        0.85,
        0.85,
        0.86,
        0.87,
        0.83,
        0.86,
        0.85,
        0.85,
        0.84,
        0.84,
        0.82,
        0.83,
        0.84,
        0.84,
        0.8,
        0.82,
        0.86,
        0.83,
        0.85,
        0.81,
        0.86,
        0.85,
        0.86,
        0.82,
        0.84,
        0.85,
        0.83,
        0.86,
        0.82,
        0.84,
        0.85,
        0.85,
        0.85
      ],
      "client_losses": [
        1.2094563841819763,
        1.204510748386383,
        1.2018066048622131,
        1.2366896271705627,
        1.2319490909576416,
        1.2215039730072021,
        1.2272616624832153,
        1.2218212485313416,
        1.218620479106903,
        1.2159972786903381,
        1.2089237570762634,
        1.2184967398643494,
        1.2245888710021973,
        1.2271109223365784,
        1.219290852546692,
        1.2118682861328125,
        1.2179349660873413,
        1.226850688457489,
        1.217170000076294,
        1.20626300573349,
        1.2133712768554688,
        1.2075745463371277,
        1.2150110006332397,
        1.2211565375328064,
        1.2232944965362549,
        1.2194509506225586,
        1.2189136743545532,
        1.2257246375083923,
        1.2221636176109314,
        1.2324225306510925,
        1.2150461077690125,
        1.22557532787323,
        1.216118335723877,
        1.226610541343689,
        1.2072792053222656,
        1.2152976989746094
      ]
    },
    {
      "round": 5,
      "avg_accuracy": 0.8994444444444445,
      "avg_loss": 1.070404029554791,
      "round_time": 2.302381992340088,
      "client_accuracies": [
        0.89,
        0.92,
        0.92,
        0.9,
        0.88,
        0.89,
        0.89,
        0.9,
        0.89,
        0.91,
        0.88,
        0.9,
        0.9,
        0.91,
        0.9,
        0.86,
        0.9,
        0.89,
        0.89,
        0.9,
        0.9,
        0.92,
        0.89,
        0.9,
        0.92,
        0.89,
        0.91,
        0.9,
        0.91,
        0.89,
        0.9,
        0.92,
        0.87,
        0.93,
        0.92,
        0.89
      ],