activity,count,distribution
Walking,417225,0.38631944444444444
Jogging,337278,0.31229444444444443
Upstairs,120536,0.1116074074074074
Downstairs,97964,0.0907074074074074
Sitting,59606,0.05519074074074074
Standing,47391,0.043880555555555555
