{
  "X_shape": [
    100,
    3,
    20
  ],
  "y_shape": [
    100
  ],
  "X_mean": 0.011003733612596989,
  "X_std": 1.0426833629608154,
  "y_classes": 6,
  "timestamp": "2025-03-12T00:46:43.447168"
}